0.,0.,0.,0.,0.,0.,0.,0.,0.,-2.7755575615628914e-17,0.,0.,0.,0.,0.,0.,0.,0.,0.,0.,0.,-5.551115123125783e-17,0.,-5.551115123125783e-17,-5.551115123125783e-17,-5.551115123125783e-17,0.,0.,0.,0.,0.,0.,0.,0.,0.,0.,0.,0.,0.,0.,0.,0.,0.,0.,0.,0.,0.,0.,-1.1102230246251565e-16,0.,-1.1102230246251565e-16,-1.1102230246251565e-16,0.,0.,0.,0.,0.,-1.1102230246251565e-16,0.,0.,-1.1102230246251565e-16,-1.1102230246251565e-16,0.,-1.1102230246251565e-16,-1.1102230246251565e-16,0.,0.,0.,-1.1102230246251565e-16,0.,0.
0.01982911579424823,0.020363856533426428,0.021619257074975445,0.023684133884083414,0.02653711985448043,0.03015690980071889,0.03451753781621844,0.039578718202493646,0.0452906385116823,0.051623606653341036,0.05853386813202077,0.0659400981410572,0.07376990496502223,0.08198373284132915,0.09053328107458467,0.09932979813061418,0.10829218343352981,0.11736550304189342,0.12649318003164126,0.13559924772972953,0.1446172093546172,0.153481863489913,0.1621293297179428,0.1705093900367246,0.17858723617926697,0.18630305543874415,0.19359440375481252,0.20043717283359364,0.20683667088766983,0.2127506089246003,0.21812460902184078,0.2229585740046653,0.22729628152634052,0.23112300372281608,0.23440220762018105,0.2371495848360229,0.23941211912297028,0.24121464058710645,0.24258250928359426,0.2435475657521336,0.24414806205116607,0.24441931957235213,0.24441037907607988,0.24417714198568596,0.24376771403121783,0.24320568016836785,0.24253031506883183,0.24181692654238462,0.24113783660926047,0.2405241289991248,0.23999022190583585,0.23958122710252083,0.23935342000118576,0.23934787437832905,0.23957253653129973,0.2400383662880582,0.24077927119330877,0.241828905904112,0.24319566494800648,0.24486880789738408,0.24684919701621189,0.24913788306098383,0.2517240647370139,0.2545900732785956,0.2577173046939323,0.2610830706322248,0.26466106516370425,0.26842133730504614,0.2723285896341887,0.27634867913874295,0.28044286879057545
0.0770343114802225,0.07786651110618781,0.07972897825969603,0.0827503372065198,0.08690704725309918,0.09217533263100978,0.0985261122253656,0.10591387168455392,0.11428214621133606,0.12359705098656709,0.13380848868573958,0.14482289033258972,0.1565557955323447,0.16896001454726967,0.18197764315868048,0.19550224527115503,0.20943446788085404,0.2237077771246954,0.23825264751844363,0.25297040973417156,0.2677699487581607,0.2825704117708028,0.29729204907810525,0.31185808759051437,0.32620429508235155,0.34025111461737634,0.35391752762928813,0.36715173742301166,0.37992821308823743,0.39218221321632785,0.40383897065749286,0.41487238563823015,0.4252991798281852,0.4350817140862496,0.4441616153597362,0.45253276428601164,0.46022239762357586,0.4672363414828534,0.4735810259278821,0.4792721398435068,0.4843374477354749,0.48880465596234335,0.49271127621465105,0.49610211235762236,0.4990209043294784,0.5014970342280943,0.5035728098468897,0.5053204936907276,0.506812520808506,0.5080915974088653,0.5091871680623904,0.5101566470991948,0.5110697595168474,0.5119837548337417,0.5129255006396963,0.5139251311188809,0.5150377029460507,0.5163192244014077,0.5178000222113536,0.5194878966577512,0.5214075429670477,0.5235882825778395,0.5260403268010352,0.5287616586680857,0.5317555951366433,0.5350217876491097,0.5385486397587509,0.5423194715704251,0.5463153702716973,0.5505119321393179,0.554879395614498
0.16826644896436233,0.16926919062893114,0.17136265496575204,0.1746849738248673,0.17921953908267557,0.184949127408366,0.19185253023795223,0.19989597783442148,0.20903733224690513,0.2192510436979338,0.23049907558187172,0.24270970667608566,0.2558166667326288,0.26978157154086513,0.2845569614617272,0.3000555714685444,0.3161932697258683,0.332914564428446,0.35016020134585235,0.36783962465750836,0.38586359552361027,0.4041621910154661,0.422665733993838,0.4412899898781166,0.459953310692383,0.47858006247647356,0.4970955015989677,0.5154273359517052,0.53351301145223,0.5512807689605154,0.5686563244959424,0.5855838236382954,0.6020293143757828,0.6179350898698428,0.6332336177596843,0.6478860183373918,0.66187476847071,0.6751716015281005,0.6877485693871156,0.6995869067982484,0.7106828950490349,0.7210369563871213,0.7306492213888964,0.7395245110993266,0.7476769139809962,0.7551275151116831,0.7619005746890476,0.768028029471231,0.7735466313206375,0.7784937743524286,0.7829049000588834,0.7868267119235056,0.7903143071975174,0.7934203161370654,0.7961854397557615,0.7986526960490304,0.8008813909004282,0.8029333024379613,0.8048562331878089,0.8066815509834105,0.8084571587455776,0.8102397753372156,0.8120660852218975,0.8139588823427419,0.8159528967259304,0.8180817218073627,0.8203621916443242,0.8228064917778009,0.8254299956249684,0.8282359602387455,0.8312238572408827
0.2902762725064939,0.29140115897373564,0.2935451926949455,0.2968393723817775,0.30127636532276886,0.306847927541739,0.3135437254649905,0.3213465104844155,0.3302344689286603,0.34019411376213304,0.3512049766791823,0.36322751864620784,0.37622337921428883,0.3901687354245231,0.4050337188668606,0.42076340492211456,0.43730178943647363,0.45461271976922046,0.47265617395613857,0.49136414826293434,0.5106638779278033,0.5305068694519304,0.5508439690109813,0.5715976604378499,0.5926831220060914,0.6140402863146331,0.6356119188782398,0.6573176455307227,0.6790693544539439,0.7007994677206164,0.7224452858907335,0.743930519381334,0.7651765968895021,0.7861146374333094,0.8066781229225808,0.826801034140842,0.846423000024628,0.8654849621058109,0.8839276478366946,0.9016989282762427,0.9187613494001896,0.9350844945106833,0.950628488122175,0.9653547915471002,0.979241597892891,0.992292204396366,1.004503588889117,1.0158584135837054,1.0263475037407197,1.0359902789599564,1.0448155322994306,1.0528453248151994,1.0601046005249606,1.0666261476401246,1.0724514755225703,1.0776232544654967,1.0821885091729513,1.0861978652297961,1.0897028894846224,1.0927492343396978,1.0953944272835978,1.0977064214864347,1.0997382658567085,1.1015316375571955,1.1031433471264922,1.1046320330014605,1.1060390822695503,1.1074030369954424,1.1087697249357262,1.110170357161734,1.1116350506083639
0.4399144359992619,0.4411644805715792,0.4433090194024738,0.44646461941751037,0.4506315782190564,0.45580914870345435,0.46199613063121137,0.46918929985477525,0.4773842063598698,0.486577849022633,0.4967650609520585,0.5079344752624213,0.5200728207133433,0.5331699503300966,0.5472126789323611,0.5621767845381763,0.5780341899356641,0.5947673880753552,0.6123554932949659,0.6307563442676372,0.649919454836155,0.6698180064339916,0.6904238986774542,0.7116755325660231,0.7334979833476719,0.7558501408438381,0.778694505799916,0.8019558478654434,0.8255396054310344,0.849389623150777,0.873459012256278,0.8976660438807307,0.9219088023591511,0.9461181561866154,0.9702359747489334,0.9941830629597082,1.0178727575540876,1.041228311281202,1.0641721028309388,1.0866305342632685,1.1085413128320343,1.1298496434634844,1.150486598758316,1.1703818324394801,1.1894834770699412,1.2077725920219742,1.2252184496138634,1.2417630171443168,1.2573572301232807,1.2719952339060674,1.2856875574567361,1.2984258151602437,1.3101996050479303,1.3210130636624977,1.3308939826089352,1.33987048735679,1.3479645190654197,1.35520200724542,1.361622287044395,1.3672698262230263,1.3721937970487126,1.3764522044952494,1.380097592687283,1.3831770355723534,1.3857512949000583,1.3878853029680216,1.389631638092703,1.3910425985716475,1.392178948377766,1.393089624699329,1.3938253295140497
0.6141315302475618,0.615538784009805,0.6177101938601138,0.6207463524824499,0.6246517814567131,0.629429996601128,0.6350850500882825,0.6416219324975024,0.6490464870674696,0.6573621367840174,0.666573105668081,0.6766854392606206,0.6877020675232681,0.6996222802689649,0.7124445588931045,0.7261661724845858,0.7407797749726146,0.756281181863673,0.7726637447579563,0.7899076751777785,0.8079844953273775,0.826883821511753,0.8465937789128445,0.8670731127533546,0.8882662746826485,0.9101494132448209,0.9327017916948073,0.9558640989223105,0.9795543738241044,1.0037315576084056,1.0283643693641635,1.0533806047848209,1.0786801400632955,1.1042034840600592,1.1299053751736183,1.1557092771194162,1.1815236647534877,1.2072701879418957,1.2328689539608584,1.258240714261141,1.2833121932449318,1.3080156488620447,1.3322698297319098,1.3559905099666882,1.3791078928913356,1.401581356008809,1.423358100837022,1.4443566424283325,1.464502658569609,1.4837635189473959,1.5021241719257876,1.5195469133307855,1.535988893617923,1.5514234138782768,1.5658532675226402,1.5792812590840328,1.591697377775907,1.6030951831883626,1.6134887002709486,1.622905859428939,1.631371585541416,1.6389154711176,1.6455727591175746,1.651380856581314,1.6563853981355217,1.6606373679901782,1.6641842220004084,1.6670758223281625,1.6693687124597467,1.6711146882875627,1.672369641302478
0.8099781102479722,0.8115860256295879,0.813844514019406,0.816839553249619,0.8205763993337898,0.8250594747495821,0.8302940323280255,0.8362871512402021,0.8430474606327335,0.8505804044043251,0.8588931835655963,0.8679975232647562,0.8779025459648485,0.8886119164821151,0.9001297026620103,0.912463466745312,0.9256171674937672,0.9395933587157081,0.9543932331372569,0.9700126931234749,0.9864412583181996,1.0036779635021627,1.0217205283779982,1.0405481841213908,1.0601292119317378,1.0804527882224284,1.101509778771299,1.1232629985955638,1.145656686416293,1.1686654887667431,1.1922710976394624,1.216421743374929,1.2410398245885763,1.2660822429743517,1.291518306402296,1.3172871269568844,1.3433113652600082,1.3695250859380683,1.3958602435119254,1.4222465084778484,1.44861365361903,1.4748934018285569,1.5010087168386015,1.5268792698200824,1.5524311613874255,1.5776071421755122,1.6023415622733124,1.6265484626128695,1.6501453928150522,1.6730770244601336,1.6953016012775461,1.71675872552511,1.7373818256249323,1.757117393702826,1.7759382474236731,1.7938173131520536,1.810712747109742,1.8265851989797097,1.8414166561551943,1.8552077573201609,1.8679497827921732,1.8796333713533695,1.8902645992711082,1.8998590006352833,1.908432723079068,1.9160071516019483,1.9226103047268492,1.9282748107536039,1.9330362454279806,1.9369344125861043,1.9400145635545702
1.0246047224681856,1.0264552531234001,1.0288636253748373,1.0319033406271945,1.035577945934592,1.0398903922427607,1.0448442424956328,1.050444255129925,1.056696398321944,1.0636048598873888,1.0711750500312878,1.0794156259584624,1.0883341938560305,1.0979346847902227,1.1082217538314918,1.1192040136750039,1.1308884880139196,1.1432789987539331,1.1563790445681055,1.170193030693779,1.1847226721880861,1.199970279559552,1.2159372798446093,1.2326200098589246,1.2500095572847127,1.2681033130609851,1.2868986119949275,1.3063810603739727,1.3265261585728645,1.3473224162274342,1.3687609784570411,1.390815031563408,1.41344064684903,1.4366135843106966,1.4603169531478255,1.4845126977699383,1.5091495841707487,1.5341827582226022,1.559564881121845,1.5852443990176939,1.611164961236777,1.637268212010495,1.663493560505383,1.689777699241606,1.7160547275164781,1.742259343856937,1.7683236583124544,1.7941729615196391,1.819731791816316,1.8449309049775695,1.869707425712643,1.8939887086075988,1.9176967262332054,1.9407603546795396,1.9631251289374596,1.9847369679804792,2.005529202190493,2.02543620274064,2.0444092084010013,2.0624180710946503,2.079419854858503,2.0953662984101418,2.110230259288414,2.123998938569493,2.136652842764307,2.148176497292609,2.158569536272971,2.1678374251968804,2.1759844826692234,2.183027117056909,2.1889873407765883
1.2552619215951974,1.2573845324533472,1.2599815550601594,1.2631151276083434,1.266786682106533,1.270997261462787,1.2757481742736478,1.2810409408072179,1.2868776587679203,1.2932603816782202,1.3001914718167507,1.3076741871247015,1.3157121546904764,1.3243079327628036,1.3334646711721794,1.3431880919834138,1.353484100708243,1.3643554598294931,1.3758052992791765,1.3878410177004774,1.4004704210805388,1.4136960790017112,1.4275201479114332,1.4419495966025,1.4569911493231205,1.4726466225549726,1.4889165807721225,1.5058034793657842,1.5233076590468329,1.541427632455283,1.5601608838616832,1.5795015239742654,1.5994362601701093,1.6199568163358826,1.6410570637798827,1.6627205789482207,1.6849229800889247,1.7076410213247533,1.7308488658794863,1.7545159996366801,1.77860490440268,1.803073414415405,1.8278819354430036,1.8529889450649126,1.8783442870326248,1.9038863703061124,1.9295556060152652,1.9552970141043922,1.9810516852208286,2.006749694733453,2.0323202455004026,2.0576917446881793,2.0827890823107458,2.107537447158632,2.1318669196266105,2.1557080225972776,2.1789835013716634,2.20161570267195,2.2235360512072044,2.2446895391084674,2.2650094380435517,2.284421888924202,2.3028726852519337,2.3203221270994425,2.3367199636662095,2.352018045731258,2.366186500259623,2.3792010639084338,2.391034102070408,2.401673010915869,2.411109674837656
1.499300309080517,1.5017087459808618,1.504501062265755,1.5077274899873785,1.5113889807145464,1.515486189991035,1.520019960212661,1.5249912050449264,1.530401266506761,1.5362516664890395,1.5425440919237159,1.5492807183045123,1.5564642718194335,1.5640969980446733,1.57218165800221,1.5807230202063893,1.5897264114258658,1.59919469412239,1.609131236388066,1.6195436016545202,1.6304404657688647,1.6418252521667478,1.6537012657952417,1.6660779001761594,1.678965803603486,1.6923691710404718,1.7062910380901366,1.7207395626198088,1.735723699420533,1.7512469448430654,1.767311049025138,1.7839196067804344,1.8010739240901377,1.8187742615540263,1.8370206806385292,1.8558094518660375,1.875133024682334,1.89498249131629,1.9153465556061668,1.9362104450004467,1.9575540385924475,1.9793526384937605,2.001584160775143,2.0242249082985677,2.047242828178323,2.07059298833018,2.0942329089246403,2.1181275258927945,2.142237200270768,2.1665067423037914,2.1908758838036557,2.215288015905625,2.239685034001249,2.2640047172012,2.2881805185878474,2.3121458303930753,2.3358317715507675,2.359168010861096,2.3820847465473167,2.4045163869110135,2.42639187374797,2.4476357318469915,2.4681818803580464,2.4879727815056323,2.5069423693972115,2.5250245797786484,2.5421668928749366,2.558320525232335,2.5734347596503375,2.58746912046458,2.600385374114288
1.7541706290898362,1.7568828529686848,1.7598921767505262,1.763237520683663,1.7669198093881675,1.7709397194968002,1.7752980983989644,1.7799959282173412,1.7850345711298303,1.7904153708096557,1.7961398682075675,1.8022101181378145,1.808628477516825,1.8153968732403074,1.8225176072304263,1.8299943892512274,1.8378313237474313,1.8460311562028946,1.8545970112675552,1.8635345511628787,1.8728502835334282,1.8825478032262972,1.8926307766452877,1.903106705283173,1.9139843578105045,1.9252683921318476,1.9369628810704116,1.9490759491616378,1.9616172425884624,1.97459194484822,1.98800396759772,2.001860255417142,2.016168412451317,2.0309328076736683,2.046156594256927,2.0618434211226493,2.0779965069580033,2.0946166301442344,2.1117026271746675,2.1292516695629518,2.1472586336607744,2.165715112678144,2.184613621530076,2.2039453095352983,2.223695898801436,2.243841476815782,2.2643594323404264,2.285233516363901,2.306443556900386,2.3279554357566985,2.349727902134376,2.371725235887027,2.393912017108839,2.416246131573184,2.4386747596237504,2.4611443735646197,2.4836040602380964,2.5060007962316124,2.528274734877686,2.5503608076982833,2.5721955961381626,2.5937151711778466,2.6148529658236748,2.6355432464233712,2.655716028041255,2.6752994954829985,2.694227538836102,2.7124352644875676,2.7298581977647567,2.7464347590635083,2.7621031358784163
2.0174236650114903,2.020454120359612,2.0236984823922333,2.0271848484226926,2.030914207585471,2.0348873441499036,2.0391052159512104,2.043569033344336,2.0482803739097943,2.053240517783929,2.058451028011486,2.063914166410079,2.069632190821828,2.075606773383112,2.081839853582539,2.088334401469587,2.0950934982774276,2.1021196832662383,2.109415707273614,2.1169853083484353,2.1248325798944965,2.1329609502330396,2.141374004800207,2.1500765742872217,2.159074267639861,2.1683713962378466,2.1779722241737414,2.1878829293722055,2.198110956370434,2.2086615497940807,2.219539423701837,2.2307517191764865,2.242307444039569,2.2542123947111876,2.266471024084107,2.2790903001315885,2.292078692218029,2.305442274802879,2.319185816878535,2.33331389237797,2.3478312545743494,2.3627409232186105,2.3780452532656566,2.3937455459034513,2.4098408536356457,2.4263250642986742,2.443192029769174,2.460439388298063,2.47806207320059,2.4960455025429975,2.5143681467299466,2.53301363211624,2.5519667913050528,2.5712054618830558,2.5906948811340973,2.6103990380129733,2.630286974372339,2.6503254375353125,2.6704707478700063,2.69066857930362,2.710870449483585,2.73102989027391,2.7510899165818836,2.7709885152988645,2.790663324751784,2.8100491411509205,2.8290791578852925,2.847685480887655,2.865801929792645,2.8833592217771757,2.9002860053790167
2.286710298010763,2.2900700579488986,2.2935639713339864,2.297209707944352,2.3010080925644676,2.3049598143602306,2.309065714067284,2.3133269131497,2.317744852070115,2.3223206142495894,2.327055581534994,2.3319518861334934,2.337011592460465,2.3422361546903603,2.34762727007133,2.3531875915065266,2.358919822926943,2.364826226388223,2.37090923627834,2.377172024137481,2.383618012139179,2.3902503288902346,2.3970722624185172,2.4040878574381686,2.4113017904222627,2.4187180734603553,2.426340791541659,2.4341753839150004,2.4422284374722376,2.45050507451434,2.459010140204179,2.4677505729214655,2.4767353407941965,2.4859707062001384,2.495461820698882,2.5052165600073852,2.515244560599437,2.525553770228184,2.5361515648069286,2.5470456142443667,2.5582443127137204,2.5697553375330546,2.5815855845621734,2.5937413589967746,2.6062282814107722,2.6190496183098,2.632208196023182,2.6457086477036955,2.6595540163104294,2.6737419612124764,2.6882652067642314,2.703119777826078,2.7183026285836784,2.7338055463128006,2.7496105993604436,2.7656983720506365,2.782053645158335,2.7986591819271744,2.815488627859615,2.8325058305581536,2.8496795461318674,2.866980073310921,2.884367111036668,2.90179371952663,2.9192142074696754,2.936580115673968,2.9538373789241827,2.970929420864838,2.987800393878795,3.004389419091925,3.020632907062816
2.559781547742296,2.563478483092913,2.5672333580287057,2.5710538735260346,2.574940678323288,2.578894359162014,2.5829156368356365,2.587005546146395,2.5911654062953318,2.5953961418964626,2.599699002524725,2.604076087573894,2.6085294181464085,2.6130603337171388,2.61767044001825,2.6223624256277063,2.6271390110447106,2.6320022583116423,2.6369544011895947,2.641998627807398,2.647138344875261,2.6523764094743356,2.657715793585876,2.6631603464927616,2.668714408364503,2.67438166712792,2.680165856375234,2.686071801172313,2.6921051798100777,2.698270675244129,2.7045728256644734,2.711017637946949,2.7176125685826302,2.724363434238241,2.7312754374784043,2.7383556248218657,2.7456121908802538,2.753052658508603,2.760684637475604,2.768516061118712,2.7765553321262075,2.7848108558807394,2.793290620549212,2.8020024577354197,2.8109543559358245,2.8201539937090025,2.829608540663591,2.8393252549245505,2.8493108123794815,2.8595703656500024,2.8701068120664885,2.880923972200982,2.8920258681070283,2.9034139940628036,2.9150849110968715,2.927033709685939,2.9392574803831817,2.951751827820259,2.9645067210538887,2.9775058987922307,2.990735147894072,3.0041803211436924,3.017820001704294,3.031626753995537,3.0455748117605843,3.0596362656521294,3.0737758879122037,3.0879552617185047,3.1021351114587485,3.1162712149804896,3.1303167051812677
2.8344884971357676,2.838527409770461,2.842551597128809,2.846559255156543,2.8505508627925598,2.8545269076446043,2.8584879948437876,2.8624350748322334,2.8663693507246335,2.870291599037587,2.874202946710163,2.8781054645591393,2.88200114393338,2.8858912367447194,2.8897772870139997,2.8936620490278298,2.897548307674797,2.901437977842354,2.9053331553285835,2.909237140203814,2.9131534484315855,2.917084727628313,2.921033699799841,2.9250041929106882,2.9290004376842464,2.9330258560544715,2.937083858091459,2.9411788574821287,2.945315884322932,2.94949919473075,2.953732948438294,2.9580222983577613,2.962373274149865,2.9667910869573095,2.9712807159303374,2.9758481272729433,2.980499800466602,2.9852422780972243,2.990082594912114,2.9950279951301377,3.0000857867503132,3.0052636573370304,3.010569308361171,3.0160105841284572,3.021595798725423,3.0273340106183984,3.033233914963634,3.039303392944041,3.0455504054005864,3.051983772919677,3.0586120805776122,3.06544325104967,3.0724848823945234,3.079744110459409,3.0872270149505914,3.0949384850111175,3.1028835683920417,3.11106640129174,3.1194887704256997,3.128149765542257,3.1370481106498347,3.14618146476012,3.1555439011054354,3.1651251233899176,3.174916185989819,3.184906716364824,3.195079475714805,3.205414146121799,3.21588850727287,3.226476392855231,3.237149437062522
3.1087823288759893,3.1131650942511553,3.1174640244173357,3.121668277303038,3.125778179873997,3.1297941311158444,3.133716630097248,3.1375465470853845,3.14128496989624,3.1449325219396087,3.1484901949172075,3.151959984194901,3.155343785356619,3.158642739871523,3.1618582833001927,3.16499307368835,3.1680497963662,3.1710302426514394,3.1739363837559735,3.1767714172021826,3.179538746961925,3.182240870586879,3.184880350338907,3.187460866922932,3.189986474555788,3.1924604046486187,3.194885863392943,3.1972670170480413,3.199608573996488,3.2019145306197725,3.20418879605288,3.206436136903644,3.208662034972077,3.2108713524114108,3.213068805820151,3.215259868735319,3.21745034736413,3.219646291883631,3.221854342547447,3.2240813000419504,3.226333878067036,3.2286192491493453,3.230944830875934,3.233318308407847,3.235747848083534,3.2382425179205847,3.240811250222176,3.2434621950762113,3.2462038284835604,3.249046026270635,3.2519991590809947,3.255072709074389,3.258275831076154,3.2616180254739535,3.265109263964205,3.2687588078970227,3.272575490756349,3.27656770671685,3.280743235201492,3.2851090428657757,3.2896710434359457,3.294434004560323,3.299401262021224,3.3045735033091863,3.3099521525939877,3.3155377290183323,3.321325903971089,3.3273100128160116,3.333481536878379,3.3398291005284135,3.3463396861251002
3.3807143305189746,3.3854400393584414,3.3900163521071707,3.3944238526689294,3.3986627234133837,3.4027332782785797,3.406635914142809,3.410371421642206,3.413940774602241,3.4173444482865523,3.4205833009913578,3.4236592418909346,3.4265740623612277,3.4293288029460283,3.431924796613587,3.4343645858932064,3.4366507477611297,3.4387849855173913,3.4407691851035174,3.4426064500188716,3.4443000999451883,3.445852544137743,3.4472662593156396,3.4485448657641102,3.449692380187784,3.450711935786985,3.4516066291176632,3.4523805872002624,3.453038503704309,3.453584256429716,3.4540216004318167,3.4543552131996416,3.4545904971477825,3.454732129443569,3.4547845923570635,3.454753140782256,3.4546433434464277,3.45446093544261,3.4542121842367792,3.453903458697357,3.453540938953589,3.4531311626026397,3.452681079145973,3.452197931830998,3.45168923215982,3.4511630178740083,3.4506274585144427,3.4500904315702834,3.4495601387991828,3.449045740237115,3.4485569639574334,3.448103038710174,3.447693057225337,3.447336623487192,3.447044172309235,3.44682593271317,3.4466916773807954,3.4466511047073354,3.446714210608794,3.4468912334286235,3.4471914054473354,3.4476231305084504,3.448194789316404,3.4489137755810995,3.4497875048133366,3.4508229049570827,3.452024644268336,3.4533960506074735,3.454939085397535,3.4566540679167344,3.458540289228668
3.6484358426608106,3.653500944421381,3.6583546378120193,3.6629693967985597,3.6673452669824878,3.6714824818764873,3.6753813417247825,3.679042561938281,3.68246700858601,3.68565501671005,3.6886073183881147,3.691325741585189,3.6938119791081108,3.696066975076037,3.6980919644632215,3.6998893800045596,3.701461694973464,3.70281052853265,3.7039376848097763,3.7048461752715927,3.7055392368916635,3.7060191996401795,3.7062884648458523,3.7063505949968882,3.706209571962864,3.705868448859261,3.705330235487444,3.70459903506707,3.7036795500190745,3.702575572529798,3.7012907416529335,3.6998296950801297,3.6981978312570654,3.696399700631289,3.6944396021077535,3.6923226613288707,3.690054337385279,3.6876401504991425,3.6850860782140487,3.682398159612272,3.6795821946953855,3.67664423418484,3.673590821790474,3.6704287840589647,3.667165031878236,3.663806646200626,3.6603610084046565,3.6568356122734236,3.6532382131735055,3.6495770176535496,3.6458606786741456,3.6420977578279303,3.6382968623969982,3.6344670504268355,3.6306181254755012,3.626760021428189,3.622902382826321,3.6190549999741357,3.61522831137146,3.6114334356405706,3.607680806512249,3.60398041869809,3.6003429294888196,3.5967790838316835,3.5932992622698743,3.5899136685608135,3.5866321276348305,3.5834639313622434,3.5804175318984064,3.577500737341802,3.574720842796769
3.910198274020132,3.9155967198059263,3.9207252930272585,3.925548821789083,3.930067222923245,3.9342806545357814,3.9381893264322416,3.941793884664312,3.945095095651965,3.9480931632917815,3.950788702686325,3.9531834715418417,3.9552790751302345,3.957076363882776,3.9585764790496825,3.9597817589904043,3.9606945832890434,3.961316478697879,3.961649157258884,3.9616955383836623,3.961458768234886,3.9609410849344453,3.9601447983105897,3.9590733828393203,3.957730734827474,3.956119813653573,3.9542435336844792,3.952105911651442,3.949711566594027,3.947064190341551,3.944167315184067,3.941025482197503,3.93764399280925,3.934027278376882,3.9301795074896537,3.926105678443394,3.92181112441218,3.9173012059281667,3.912581708998143,3.9076584687664333,3.9025370728625925,3.8972233205236777,3.8917235090321394,3.88604420382477,3.880191997431664,3.874173537029569,3.8679958041994085,3.8616660077258174,3.8551915834643142,3.8485802338771955,3.841840021623151,3.834979092594472,3.82800572550668,3.820928580629079,3.813756924313939,3.806500272077542,3.7991680154541125,3.791769776621181,3.7843158371877013,3.776817191839159,3.769284481225782,3.761728201949981,3.7541596300797444,3.7465905071069523,3.7390322498547035,3.731496309381998,3.723994521335668,3.7165386416731083,3.709139966173316,3.7018097858485066,3.6945592316182956
4.164353087719439,4.170076473186742,4.175475069403702,4.180506522553957,4.185170628513802,4.18946747457133,4.193397185591884,4.196960342555069,4.200157618285769,4.202989093284443,4.205455272614792,4.20755784822716,4.209298342877061,4.2106775173046715,4.2116964229779965,4.212357308536166,4.2126624631138565,4.212613323199213,4.212211510199515,4.211459851078751,4.2103613990574305,4.208918304376038,4.207132789570692,4.205008236521531,4.2025484484966915,4.199756300337996,4.19663462419964,4.193187350061473,4.189419013762665,4.1853332273828,4.180933445143022,4.176224135927565,4.171210540716518,4.165897018489723,4.160287659739478,4.154387403462812,4.148201542994936,4.141735377231013,4.134994613654855,4.1279850158763,4.120712123948531,4.113181677047141,4.1053998759001935,4.097373170055965,4.089108035031362,4.080610977521937,4.071888809734657,4.0629485751504975,4.053797511322676,4.0444430374714,4.034892820698198,4.0251547069392375,4.015236725258433,4.005147168376442,3.994894687773169,3.9844881863309096,3.9739366356798462,3.9632492381840168,3.952435630414534,3.9415059191605786,3.93047020836315,3.91933869861107,3.908122122479287,3.8968316535772765,3.8854783663979546,3.874073485636772,3.8626287710677594,3.851156132255654,3.8396673218240185,3.8281744250277034,3.816689585523461
4.409351768049737,4.415389476265409,4.421051025442854,4.426287343699629,4.431098113758226,4.435483356650294,4.439443117772601,4.4429779172036215,4.44608834019232,4.4487743518292655,4.451036354248599,4.452875977819068,4.4542946681160585,4.45529310219276,4.455872247749683,4.456034269640556,4.455781372694326,4.455114909212845,4.4540364161411725,4.4525486346782195,4.450654531865137,4.448356175314058,4.445655705313131,4.442556417620791,4.4390620289669975,4.43517533421166,4.430899087310947,4.426237136264795,4.421193937248785,4.415773026645341,4.409977784798878,4.403812610029176,4.397282681344601,4.390392289386291,4.383145453347142,4.375547054203622,4.3676023410528675,4.359316556564546,4.350695343410915,4.341744406680838,4.332469246206909,4.322875556396515,4.3129694639667475,4.302757330930992,4.29224555165094,4.2814405493280905,4.270349023911507,4.258977890965284,4.247334238194734,4.235425295785705,4.223258467097314,4.210841374217133,4.198181841438094,4.185287874423764,4.172167666913467,4.158829639466182,4.145282399834998,4.131534767371143,4.117595811239797,4.10347486732265,4.089181479234187,4.074725416902803,4.0601167574251384,4.045365921466257,4.030483409190386,4.015479924172665,4.000366660216021,3.9851550606893205,3.9698566222775655,3.9544832827547927,3.939047155737406
4.643745815766006,4.650085160077477,4.656000521835285,4.661436574863938,4.666392896532135,4.67086944617294,4.6748661951832435,4.678383606894288,4.681422184997662,4.683981787207764,4.686062719876725,4.687666555920314,4.6887946691440465,4.689447659294112,4.689626416709756,4.6893330286590285,4.6885696223707205,4.687337472755981,4.6856380393336865,4.683473985563397,4.680848200738985,4.677762675230586,4.67421947214577,4.67022180961075,4.665773326805803,4.660876741845793,4.655534732202889,4.6497510691212165,4.643530132545051,4.636875382935348,4.6297901249305005,4.622278681996456,4.614346160012932,4.605996774778887,4.597234469823108,4.588064053184636,4.578490703812995,4.568519591032864,4.558156281700008,4.547406406071598,4.536275393242093,4.524768865308128,4.512892866732561,4.500653672201046,4.488057590370822,4.47511095869537,4.4618203796642515,4.44819266172486,4.4342347771841855,4.419953830876589,4.40535707768379,4.390451990945528,4.375246242472374,4.359747658679755,4.343964201387138,4.327904039142201,4.311575557615291,4.294987339350376,4.278148146156969,4.26106692619978,4.243752888686233,4.226215495259952,4.208464419283172,4.190509614556134,4.172361191470473,4.154029476837559,4.1355252045619455,4.116859379288198,4.0980431793492285,4.079088180242117,4.060006177660611
4.866186729253505,4.872813096137752,4.878971202593197,4.884599931843689,4.889698763708711,4.894267600391,4.8983063447674144,4.90181540761808,4.9047952171146685,4.907245531560845,4.909166568629371,4.910559848033599,4.911426677141978,4.911767584161225,4.911583387847469,4.91087610372314,4.909647787259628,4.907899641562464,4.905633054307303,4.902850617108807,4.899555147251855,4.895748562759724,4.89143285424858,4.886611167308807,4.881287068204499,4.875463202407908,4.869142174704124,4.862327682736604,4.855024031839958,4.847234609806913,4.838962649230497,4.830212399297586,4.820988890085021,4.811296265479894,4.801138398927544,4.790520025871013,4.7794462506858535,4.767922172977694,4.755953293793843,4.743545178155992,4.730703189558121,4.717432889066139,4.703740258426416,4.689631510458632,4.675112898660082,4.660190720034781,4.644871530041824,4.629162072053392,4.613069256259215,4.596600149552866,4.579761978995168,4.562562160693777,4.545008292521371,4.527108134121104,4.508869595796104,4.490300772982375,4.471409960218081,4.452205635177726,4.4326964414079475,4.412891188638782,4.392798916803579,4.37242888757019,4.351790537440721,4.330893521368574,4.309747683116106,4.288363071054048,4.266750010338956,4.244919062378711,4.2228810097317835,4.200646910120755,4.1782280364711095
5.075425985383256,5.082322977269365,5.088710975853889,5.094523537369326,5.099760051890483,5.10442036905826,5.108504328708234,5.112012293266084,5.114944621414887,5.1173009799937015,5.1190815050788,5.1202876674129465,5.1209207132142245,5.120981104849704,5.120469595189543,5.119388133689472,5.117738709743743,5.115522460420655,5.112740707323433,5.109395975898419,5.105491017155211,5.101027682731847,5.096007896775487,5.090434738288529,5.0843117067045265,5.077641380898307,5.070426299039694,5.062670091560188,5.054376995983588,5.04555033349196,5.036193270451456,5.026309988485477,5.0159054492178505,5.0049837304595854,4.993548640704903,4.981604848947178,4.969157391911681,4.9562113046515,4.942772026203144,4.928845059967924,4.914435707515386,4.8995494709236915,4.884192272525108,4.868370266608126,4.852089652248191,4.835356681219042,4.818177860267635,4.800559873251508,4.782509573132017,4.764033985299625,4.745140302998038,4.725835889335452,4.706128278289342,4.6860251715668255,4.665534434516017,4.644664103854556,4.623422399396971,4.601817714661316,4.579858604687155,4.557553782962663,4.534912164075629,4.511942857700437,4.488655130552821,4.465058427461795,4.441162392526226,4.416976860709423,4.392511857609271,4.367777612936223,4.3427845860800165,4.317543430504157,4.292065001486458
5.27031501752603,5.27746459560396,5.284067991891701,5.290053899159197,5.295421625541129,5.300170972685602,5.3043017228663905,5.307814194353223,5.310708682374149,5.312984770250723,5.314642519547621,5.315683356273323,5.3161084707869914,5.315918265320784,5.315113432561747,5.313695861583935,5.311667481394239,5.309029368810518,5.3057827851551735,5.301930195400885,5.297474290045198,5.292416860347297,5.286759770060473,5.280506037610334,5.273659101777026,5.266221480943255,5.258195652795159,5.249585187073669,5.240394260489393,5.230626133690884,5.220283912591217,5.20937171809589,5.197894450957828,5.185856128569469,5.173260499217674,5.160112171430285,5.146416121274008,5.132177323747598,5.1174011583376675,5.1020930690044,5.086258297839598,5.069902288044775,5.05303090323571,5.0356502393046405,5.01776643771626,4.9993856945278505,4.9805144601493385,4.961159359795834,4.941327188327987,4.921024916631203,4.900259685601545,4.879038800576375,4.857369734419841,4.835260129457298,4.812717796047036,4.789750711370903,4.7663670279417625,4.742575068047721,4.718383315621978,4.6938004128397415,4.668835187710824,4.643496650026785,4.617793963717024,4.591736456532053,4.56533365146934,4.538595253071006,4.511531126562801,4.484151323780161,4.456466113134034,4.428485929630246,4.4002213993183625
5.449805202168999,5.457187829180986,5.463990629702498,5.470137896492094,5.475628863548842,5.480463289097672,5.484640903331122,5.488161984563479,5.491026770605444,5.493234769213785,5.4947859745334835,5.495681772085231,5.49592330167726,5.495510911131409,5.494445238678479,5.492728118742429,5.49036142568031,5.4873461818107305,5.483683593931214,5.479376072298384,5.4744262526760235,5.468835871721083,5.462606738578595,5.455741816929969,5.448244490770315,5.440117223698625,5.431362438586962,5.421983650322662,5.411984980693626,5.401369635324482,5.390140665032051,5.378302135567843,5.365858892308103,5.352814897274306,5.339173843366035,5.324940283436466,5.310119137611414,5.2947153249344225,5.278734168843572,5.262181057044563,5.2450611748850635,5.227379908587065,5.209143066141362,5.190356688345304,5.1710268607576175,5.151159722377815,5.130761668265411,5.109839270412729,5.088399271082371,5.066448588134934,5.043994311649154,5.021043696565171,4.997604165620627,4.973683313729064,4.949288909832847,4.924428891498216,4.899111365758168,4.873344610016458,4.847137072174064,4.820497368865038,4.793434291350215,4.765956805470151,4.738074043590518,4.709795306990904,4.681130078487479,4.652088017130471,4.622678947898105,4.59291287460523,4.562799994761896,4.5323506736434584,4.501575459299315
5.612947849791755,5.620542632811169,5.6275274878552946,5.633822771047822,5.6394276500565965,5.644341844253382,5.6485650372305765,5.65209747154915,5.654939333641977,5.657090063654131,5.658549595404181,5.659319278176968,5.659400206541575,5.658792679630451,5.65749728694227,5.655515813990506,5.6528500862193445,5.649501077166087,5.645469944821585,5.640759050460338,5.6353709808392916,5.62930742373242,5.6225701393931935,5.615162042465916,5.607086467858707,5.59834583015335,5.58894250319434,5.578879952740524,5.568162251373267,5.556792555542386,5.544773866872763,5.532110201815244,5.518806356285301,5.504866242938372,5.49029350533535,5.47509264678599,5.4592685377079775,5.442826047497372,5.425770449938422,5.408107082994542,5.389841082037257,5.370977783255333,5.3515229452940725,5.331482559904345,5.310862663279331,5.289669344652172,5.267908950194,5.245588003996225,5.222713200839542,5.199291411189799,5.1753296790755705,5.15083521346956,5.125815391268058,5.100277763151755,5.074230057332814,5.0476801716551485,5.02063617013116,4.993106287505717,4.965098934042699,4.936622694649519,4.907686322340557,4.878298740465447,4.848469045863707,4.818206507135182,4.787520566175183,4.756420837782043,4.724917105745129,4.693019327546535,4.660737639869367,4.62808234758563,4.5950639322704445
5.758894168935592,5.766679002111449,5.773827348517291,5.780256090949993,5.785964338550414,5.7909517764074865,5.795218046994996,5.798763361323977,5.801587860490517,5.80369092498151,5.805072435383625,5.8057337090010535,5.805675800478637,5.80489896598278,5.8034037520070845,5.801191900898253,5.798265194929963,5.7946245645845,5.790271124773653,5.78520719353327,5.77943531435454,5.772957131863447,5.765774363156722,5.757889879575031,5.749306972672495,5.740028013789441,5.730055333533412,5.719392354295554,5.708043105218473,5.696010699414005,5.683298095183372,5.669909265538606,5.6558489628636055,5.641121056379878,5.6257291462431045,5.609677692253717,5.592971521267704,5.575615459132583,5.55761473605157,5.538974646394321,5.519700281926591,5.499796935211854,5.479270321364179,5.458126388646846,5.436371129716524,5.414010590194622,5.39105107284243,5.367499058609027,5.343361199238671,5.318644322143981,5.293355428566252,5.267501684913169,5.241090425701452,5.21412915957738,5.186625573465535,5.15858752439562,5.130023034951941,5.100940298695512,5.071347686091201,5.041253743893939,5.010667185474117,4.9795968936188055,4.948051926690204,4.91604151617126,4.883575063895561,4.850662143546038,4.817312500095532,4.783536050571955,4.749342885632713,4.714743265207212,4.679747623152912
5.8868952656181674,5.894846972916462,5.9021391768588085,5.9086857501605845,5.914485751239744,5.919538835472975,5.923844609697323,5.927403257578365,5.930214880917736,5.93227880849803,5.933594874769578,5.934164369313922,5.933988312169319,5.933066922261904,5.931400708810151,5.928991376741303,5.925840670906048,5.921949484466787,5.917318894993867,5.911951183038299,5.905848854582073,5.899013516851801,5.891446849537847,5.883151686438844,5.8741312815237885,5.864387968662039,5.8539240409991296,5.84274288334314,5.830848487199198,5.818243928132988,5.804932126914274,5.790917018938821,5.7762033189239865,5.760794858460789,5.744695200073217,5.7279087658964665,5.710440345139466,5.692294725902279,5.673477100514235,5.65399272547039,5.633846654747068,5.61304414301899,5.591590867332055,5.569492737767441,5.5467557087401325,5.523385787419089,5.499389238073197,5.474772503372868,5.449542196648985,5.423705106354723,5.397268194278132,5.370238588153892,5.34262358429574,5.314430652686503,5.285667440582584,5.256341765881064,5.226461613236838,5.196035138710718,5.165070674859638,5.133576730137514,5.101561981646868,5.069035277550249,5.036005641548586,5.002482272106152,4.96847453802802,4.933991980735879,4.899044316937321,4.863641436923153,4.827793404733232,4.791510457137666,4.754803004955407
5.996302140722054,6.004396618663443,6.011812118434667,6.01845996585795,6.024339176432224,6.029449380392732,6.033790154421917,6.037361659045319,6.040163962813576,6.042196350759124,6.043458618292424,6.043952031532958,6.043677581232499,6.04263545480421,6.040826129923359,6.038251279848773,6.034912617759712,6.030811005236578,6.025947488249043,6.020324315623465,6.013943961596027,6.006808001740327,5.9989180840871565,5.990277010660034,5.980888003614158,5.97075336509755,5.959875356539656,5.9482573309287865,5.9359032478978895,5.922816151221813,5.908998929892381,5.89445548744268,5.879190506667025,5.8632077872927635,5.846510859993613,5.829104114995629,5.810992309584176,5.79218019990122,5.772672946252522,5.752475773105156,5.731593702443705,5.710031956905169,5.687796181434976,5.664892253972585,5.641326096760011,5.617103684700758,5.592231249809065,5.566715202619175,5.540562124288281,5.513778770883899,5.486372071663617,5.458349122179557,5.42971718678458,5.400483703383399,5.370656286872593,5.340242723094504,5.309250965117681,5.2776891376662896,5.2455655419938445,5.2128886553363305,5.179667124378248,5.145909767565241,5.111625579192175,5.0768237292884315,5.041513558024796,5.005704578540483,4.969406481402504,4.932629131448533,4.895382566899222,4.85767700065072,4.8195228195946385
6.086565644200534,6.09477800454889,6.102295453315159,6.109027232568603,6.114972322692857,6.120130333352686,6.12450081655831,6.128083913901446,6.130879666726124,6.132887324268973,6.134106649997781,6.134538890832795,6.134185013561403,6.133045179812063,6.131119841450089,6.128410645819822,6.124919280183526,6.120646580279209,6.115593566218554,6.10976246086657,6.103155712480353,6.095774870730994,6.087621557741099,6.078698549530106,6.069009042216203,6.058555311986097,6.047339594311649,6.035365216136539,6.022636111003242,6.009155296668084,5.994925636116608,5.979951006799205,5.9642360653718915,5.9477845854876366,5.93060007176443,5.9126868883131305,5.894049766282119,5.874693435671568,5.8546230306114735,5.8338437493912725,5.812360587841079,5.79017874242745,5.767303831885328,5.7437417079232125,5.71949826655195,5.6945794564365775,5.668991483332112,5.642740731510616,5.615833755851321,5.588277286108862,5.560078225190858,5.5312436423590885,5.501780775715577,5.471697036880738,5.4410000143766934,5.409697467724502,5.377797323843085,5.345307681371937,5.312236815418044,5.278593177021988,5.244385387009932,5.209622238244069,5.174312699438415,5.1384659152607,5.102091200679986,5.06519804383589,5.027796110813865,4.989895242304289,4.951505452550656,4.912636931164264,4.873300041905041
6.157236491404514,6.165541203872391,6.173138612437585,6.179936338516037,6.1859333351796675,6.19112919609386,6.195523454079157,6.199116236000317,6.201907562039913,6.203896653593254,6.205083249283242,6.205468581095524,6.205053597176838,6.203838439100011,6.201823538654773,6.19901052302729,6.195401059319645,6.190995963168567,6.185796234572131,6.179804076200087,6.173021916100192,6.165451283794499,6.157093781252024,6.147952164262828,6.138029608689416,6.1273283705229105,6.115850665042542,6.103599798929781,6.090579685428006,6.076793322054594,6.062243551567174,6.046934231125298,6.0308699970494954,6.014054602714363,5.996491532477717,5.978185130140945,5.959140106524067,5.9393611713048715,5.9188534382729,5.897622085378349,5.875672088133027,5.853008622683931,5.829637287403633,5.80556391362116,5.780794376987284,5.755334605845439,5.7291907855733495,5.702369279983277,5.674876623477579,5.646719525377238,5.61790486813709,5.588439700472507,5.5583312398759555,5.5275868773237775,5.496214180618367,5.464220888448508,5.431614906959191,5.3984043139570295,5.364597363490781,5.330202485286998,5.295228279026492,5.259683516510085,5.223577145062737,5.186918287675072,5.1497162381051735,5.111980463415791,5.073720608119592,5.034946491503588,4.995668107094133,4.955895623657147,4.915639384436851
6.207965264141362,6.21633629909669,6.223991178667105,6.230836366681897,6.236870796704703,6.242094050972709,6.246505648599456,6.2501057059300855,6.252894228031432,6.254870416412071,6.256033991948236,6.256386175956997,6.255927903269437,6.2546593011324685,6.252580786995489,6.249693973644628,6.2460005137804835,6.241501208680901,6.236197043976153,6.230090207909138,6.223183114090591,6.215477277649284,6.206974286157684,6.197676880954472,6.1875882234318675,6.17671055515405,6.165046076975429,6.15259808110271,6.139370466278115,6.12536621555962,6.11058815725269,6.0950401340204605,6.078726767654961,6.061651797040413,6.043818692055755,6.025231781988736,6.005895763132667,5.98581533063831,5.96499558375089,5.943441685875734,5.92115859799336,5.898151481712972,5.874425920844017,5.849987732140492,5.82484277668249,5.798996968250025,5.772456477635402,5.745227654041977,5.717317017253026,5.688731261970575,5.659477256013473,5.62956203344725,5.598992797103761,5.5677769232782595,5.535921965047633,5.5034356463551655,5.4703258586524885,5.436600665049098,5.402268304818492,5.367337192817434,5.331815913994892,5.295713225520169,5.259038059972289,5.22179952556109,5.184006901461671,5.145669640252726,5.106797371921813,5.067399901390499,5.027487208200676,4.987069447168654,4.946156947776641
6.238502359733352,6.2469133308488685,6.254602835763018,6.261476643762603,6.267533676706332,6.272773509974451,6.2771956544562615,6.280800220185002,6.283587203157899,6.285555792951464,6.286705699793806,6.287038138600453,6.286554036212735,6.285253511281835,6.283136972652701,6.280206024470915,6.276462310795645,6.2719066242890715,6.266539941960408,6.260364443395781,6.253382533543005,6.245595718894389,6.237005578383967,6.227614844678827,6.2174266704881695,6.206443288719298,6.194666891571009,6.182100762564257,6.1687487917395485,6.154613953478089,6.1396990674128205,6.124007967507689,6.107545266835964,6.090314695586102,6.072319714948212,6.053564645499879,6.034054174815884,6.013792989328729,5.992786179555386,5.971038900172327,5.948556103438274,5.92534294223676,5.901404991639833,5.876748059658589,5.851377998631662,5.825300713600927,5.798522366612271,5.771049298113546,5.742888019129322,5.714045215605198,5.684527746601386,5.654342637412768,5.623497082091868,5.591998448151457,5.559854279883299,5.527072292436083,5.493660368464012,5.459626562272913,5.424979104319721,5.389726400620983,5.353877027304103,5.317439732731732,5.2804234406384785,5.242837250367974,5.204690432281354,5.16599243016298,5.126752865158143,5.086981533382771,5.046688405728397,5.005883628285351,4.964577521869853
6.248698025168768,6.257122332109835,6.264823402591644,6.271706774388697,6.2777713654580705,6.2830167488943625,6.2874424328454595,6.291048525240611,6.293835019053818,6.295801099884238,6.296946474410587,6.297272355414487,6.296779667073955,6.295468525174908,6.293339335694104,6.290393699896858,6.286633258961777,6.2820588026791,6.276671305184296,6.270472943177795,6.26346611871966,6.255652335423298,6.247033169343179,6.237611350255743,6.22739002797572,6.2163714325246255,6.204557753215864,6.191952270674969,6.178558872041654,6.164380528804509,6.149420057705199,6.133681289807482,6.117168835277715,6.0998864214053015,6.081837506483731,6.063026408186453,6.043457811180794,6.0231363989927456,6.002067259230237,5.980255543660341,5.957706201633637,5.93442438312473,5.910415660296269,5.885685838249932,5.860240766414888,5.834086346924916,5.807228738919252,5.779674279939296,5.751429478105169,5.722501016463074,5.692895751181897,5.6626207046552945,5.6316830680282575,5.600090205914632,5.567849659730814,5.534969141747176,5.501456531704539,5.467319880988147,5.432567417161243,5.397207543370705,5.3612488328133034,5.324700030876815,5.2875700583389715,5.249868011572831,5.211603157919591,5.172784938107785,5.133422970179733,5.093527047093675,5.053107136539137,5.012173381293991,4.970736098819935
6.238502359733351,6.2469133308488685,6.254602835763017,6.261476643762602,6.267533676706331,6.272773509974451,6.2771956544562615,6.280800220185002,6.283587203157899,6.285555792951464,6.286705699793806,6.287038138600453,6.286554036212735,6.2852535112818355,6.283136972652701,6.280206024470915,6.276462310795646,6.271906624289072,6.266539941960408,6.260364443395781,6.253382533543005,6.245595718894389,6.237005578383967,6.227614844678827,6.2174266704881695,6.206443288719298,6.194666891571009,6.182100762564256,6.168748791739548,6.154613953478088,6.13969906741282,6.124007967507689,6.107545266835964,6.090314695586101,6.072319714948211,6.053564645499878,6.034054174815883,6.013792989328728,5.992786179555385,5.971038900172326,5.948556103438273,5.925342942236759,5.901404991639832,5.876748059658588,5.851377998631661,5.825300713600926,5.7985223666122705,5.771049298113545,5.742888019129321,5.714045215605197,5.684527746601385,5.654342637412768,5.623497082091867,5.591998448151456,5.559854279883298,5.527072292436082,5.4936603684640115,5.459626562272913,5.424979104319721,5.389726400620983,5.353877027304103,5.3174397327317315,5.280423440638478,5.242837250367974,5.204690432281354,5.165992430162979,5.126752865158142,5.08698153338277,5.046688405728396,5.005883628285351,4.9645775218698525
6.207965264141362,6.21633629909669,6.223991178667105,6.230836366681896,6.236870796704702,6.242094050972709,6.246505648599455,6.2501057059300855,6.2528942280314315,6.2548704164120705,6.256033991948236,6.256386175956997,6.255927903269438,6.254659301132469,6.252580786995489,6.249693973644629,6.246000513780484,6.241501208680902,6.236197043976154,6.2300902079091385,6.223183114090591,6.215477277649285,6.206974286157684,6.197676880954472,6.187588223431867,6.176710555154049,6.165046076975428,6.152598081102708,6.139370466278114,6.125366215559619,6.110588157252689,6.09504013402046,6.07872676765496,6.061651797040411,6.043818692055753,6.025231781988734,6.005895763132665,5.985815330638308,5.964995583750889,5.943441685875732,5.921158597993358,5.89815148171297,5.874425920844015,5.84998773214049,5.824842776682488,5.798996968250023,5.772456477635401,5.745227654041975,5.717317017253024,5.688731261970573,5.659477256013472,5.629562033447249,5.59899279710376,5.567776923278258,5.535921965047632,5.503435646355165,5.470325858652487,5.436600665049097,5.402268304818491,5.367337192817433,5.33181591399489,5.295713225520168,5.259038059972287,5.221799525561088,5.18400690146167,5.145669640252724,5.106797371921812,5.067399901390498,5.027487208200675,4.987069447168652,4.94615694777664
6.157236491404514,6.165541203872391,6.173138612437585,6.179936338516038,6.1859333351796675,6.19112919609386,6.195523454079157,6.199116236000317,6.201907562039913,6.2038966535932545,6.205083249283243,6.205468581095525,6.205053597176839,6.203838439100012,6.201823538654774,6.199010523027291,6.195401059319646,6.190995963168568,6.185796234572132,6.179804076200088,6.173021916100192,6.1654512837945,6.157093781252024,6.147952164262828,6.138029608689415,6.12732837052291,6.115850665042541,6.103599798929779,6.090579685428005,6.076793322054593,6.062243551567173,6.046934231125297,6.030869997049495,6.014054602714361,5.996491532477715,5.978185130140943,5.959140106524065,5.93936117130487,5.918853438272898,5.897622085378347,5.875672088133025,5.853008622683929,5.8296372874036315,5.8055639136211585,5.7807943769872825,5.755334605845437,5.729190785573349,5.702369279983275,5.674876623477577,5.646719525377236,5.617904868137088,5.588439700472505,5.558331239875953,5.527586877323776,5.496214180618366,5.464220888448506,5.431614906959189,5.398404313957029,5.36459736349078,5.330202485286997,5.295228279026491,5.2596835165100835,5.223577145062735,5.18691828767507,5.149716238105172,5.111980463415789,5.07372060811959,5.034946491503586,4.995668107094131,4.955895623657145,4.915639384436849
6.086565644200534,6.09477800454889,6.10229545331516,6.109027232568604,6.114972322692858,6.120130333352687,6.124500816558311,6.128083913901446,6.130879666726125,6.132887324268974,6.134106649997782,6.134538890832797,6.134185013561404,6.133045179812064,6.13111984145009,6.128410645819823,6.124919280183527,6.120646580279209,6.115593566218554,6.10976246086657,6.103155712480353,6.095774870730995,6.087621557741098,6.078698549530106,6.0690090422162015,6.058555311986096,6.047339594311648,6.035365216136538,6.022636111003241,6.009155296668083,5.994925636116607,5.9799510067992045,5.964236065371891,5.947784585487635,5.930600071764429,5.912686888313129,5.8940497662821185,5.874693435671566,5.854623030611472,5.833843749391271,5.812360587841077,5.7901787424274485,5.767303831885327,5.743741707923211,5.719498266551949,5.694579456436576,5.668991483332111,5.642740731510615,5.61583375585132,5.58827728610886,5.560078225190856,5.531243642359087,5.5017807757155754,5.4716970368807365,5.441000014376692,5.4096974677244996,5.377797323843083,5.345307681371936,5.312236815418042,5.278593177021986,5.24438538700993,5.209622238244068,5.1743126994384125,5.138465915260698,5.1020912006799835,5.0651980438358875,5.0277961108138625,4.9898952423042875,4.951505452550653,4.912636931164261,4.873300041905038
5.996302140722055,6.004396618663446,6.011812118434669,6.018459965857953,6.0243391764322265,6.029449380392734,6.033790154421919,6.037361659045321,6.040163962813578,6.042196350759126,6.0434586182924255,6.04395203153296,6.0436775812325,6.042635454804212,6.04082612992336,6.038251279848774,6.034912617759713,6.030811005236578,6.025947488249043,6.020324315623465,6.013943961596026,6.006808001740327,5.9989180840871565,5.990277010660033,5.980888003614158,5.970753365097549,5.959875356539655,5.9482573309287865,5.935903247897889,5.922816151221813,5.908998929892381,5.89445548744268,5.879190506667025,5.863207787292763,5.846510859993612,5.829104114995628,5.810992309584176,5.792180199901219,5.772672946252521,5.752475773105156,5.731593702443705,5.710031956905169,5.687796181434975,5.664892253972585,5.64132609676001,5.617103684700758,5.592231249809064,5.566715202619175,5.5405621242882805,5.513778770883898,5.486372071663615,5.4583491221795555,5.429717186784577,5.400483703383396,5.37065628687259,5.3402427230945015,5.30925096511768,5.277689137666288,5.245565541993843,5.212888655336329,5.179667124378246,5.145909767565239,5.1116255791921725,5.07682372928843,5.0415135580247945,5.005704578540481,4.969406481402501,4.932629131448531,4.89538256689922,4.8576770006507175,4.819522819594636
5.886895265618169,5.894846972916463,5.90213917685881,5.908685750160586,5.914485751239746,5.919538835472977,5.9238446096973245,5.927403257578367,5.930214880917738,5.932278808498032,5.93359487476958,5.934164369313923,5.933988312169321,5.933066922261906,5.931400708810151,5.928991376741303,5.925840670906048,5.921949484466786,5.917318894993866,5.9119511830382985,5.905848854582072,5.899013516851801,5.8914468495378465,5.883151686438843,5.874131281523788,5.864387968662039,5.853924040999129,5.842742883343139,5.830848487199197,5.818243928132987,5.804932126914273,5.79091701893882,5.776203318923986,5.760794858460788,5.744695200073216,5.727908765896466,5.710440345139465,5.692294725902278,5.6734771005142335,5.653992725470388,5.6338466547470665,5.613044143018989,5.591590867332054,5.56949273776744,5.546755708740131,5.523385787419088,5.499389238073196,5.474772503372867,5.449542196648983,5.4237051063547215,5.39726819427813,5.37023858815389,5.342623584295738,5.3144306526865,5.285667440582581,5.256341765881062,5.226461613236835,5.196035138710716,5.165070674859635,5.133576730137511,5.101561981646865,5.069035277550245,5.036005641548583,5.00248227210615,4.968474538028017,4.933991980735876,4.899044316937317,4.8636414369231495,4.827793404733228,4.7915104571376625,4.754803004955403
5.758894168935594,5.766679002111451,5.773827348517293,5.780256090949995,5.785964338550416,5.790951776407488,5.795218046994997,5.79876336132398,5.8015878604905184,5.803690924981512,5.805072435383627,5.805733709001055,5.805675800478638,5.804898965982781,5.803403752007085,5.801191900898254,5.798265194929964,5.794624564584501,5.790271124773654,5.785207193533271,5.779435314354542,5.772957131863448,5.765774363156722,5.757889879575031,5.749306972672495,5.740028013789441,5.730055333533413,5.719392354295554,5.708043105218474,5.696010699414005,5.683298095183372,5.669909265538606,5.6558489628636055,5.641121056379878,5.625729146243104,5.609677692253716,5.592971521267703,5.575615459132581,5.557614736051568,5.538974646394319,5.519700281926589,5.499796935211852,5.479270321364178,5.4581263886468445,5.436371129716522,5.4140105901946205,5.391051072842429,5.3674990586090265,5.343361199238669,5.318644322143979,5.293355428566249,5.267501684913167,5.241090425701449,5.214129159577379,5.186625573465533,5.158587524395618,5.13002303495194,5.100940298695511,5.071347686091199,5.041253743893936,5.010667185474114,4.979596893618803,4.948051926690201,4.916041516171258,4.883575063895559,4.850662143546035,4.81731250009553,4.783536050571952,4.74934288563271,4.7147432652072085,4.67974762315291
5.612947849791756,5.62054263281117,5.627527487855295,5.633822771047823,5.639427650056597,5.644341844253383,5.648565037230577,5.652097471549151,5.654939333641978,5.657090063654132,5.658549595404182,5.659319278176969,5.6594002065415765,5.6587926796304515,5.657497286942271,5.655515813990507,5.652850086219345,5.649501077166088,5.645469944821587,5.640759050460339,5.635370980839293,5.629307423732421,5.622570139393194,5.615162042465917,5.607086467858708,5.59834583015335,5.58894250319434,5.578879952740524,5.568162251373267,5.556792555542385,5.544773866872762,5.532110201815243,5.518806356285301,5.504866242938371,5.490293505335347,5.4750926467859875,5.459268537707975,5.44282604749737,5.425770449938419,5.408107082994539,5.389841082037253,5.37097778325533,5.351522945294069,5.331482559904342,5.310862663279328,5.289669344652168,5.2679089501939975,5.2455880039962235,5.222713200839539,5.1992914111897965,5.175329679075568,5.150835213469557,5.1258153912680555,5.100277763151753,5.074230057332812,5.047680171655147,5.020636170131158,4.993106287505714,4.965098934042698,4.936622694649516,4.907686322340553,4.878298740465444,4.848469045863704,4.818206507135179,4.78752056617518,4.75642083778204,4.724917105745125,4.693019327546531,4.660737639869363,4.628082347585626,4.595063932270441
5.449805202169,5.457187829180986,5.463990629702499,5.470137896492095,5.475628863548843,5.480463289097673,5.4846409033311225,5.4881619845634795,5.491026770605444,5.493234769213785,5.4947859745334835,5.495681772085232,5.495923301677262,5.495510911131411,5.49444523867848,5.492728118742431,5.4903614256803115,5.487346181810733,5.483683593931216,5.479376072298386,5.474426252676026,5.468835871721086,5.462606738578597,5.4557418169299705,5.448244490770317,5.440117223698626,5.431362438586964,5.421983650322663,5.411984980693627,5.401369635324482,5.390140665032051,5.378302135567843,5.365858892308102,5.352814897274305,5.339173843366034,5.324940283436463,5.310119137611412,5.29471532493442,5.2787341688435685,5.262181057044559,5.24506117488506,5.227379908587062,5.209143066141358,5.1903566883453,5.171026860757614,5.151159722377812,5.130761668265408,5.109839270412726,5.088399271082368,5.066448588134931,5.0439943116491515,5.021043696565168,4.997604165620626,4.973683313729063,4.949288909832846,4.924428891498215,4.899111365758166,4.873344610016456,4.847137072174062,4.820497368865035,4.793434291350212,4.7659568054701476,4.738074043590514,4.7097953069909,4.681130078487476,4.652088017130468,4.622678947898102,4.592912874605225,4.562799994761891,4.532350673643455,4.501575459299311
5.270315017526029,5.277464595603959,5.2840679918917,5.290053899159196,5.295421625541128,5.300170972685601,5.30430172286639,5.307814194353222,5.310708682374148,5.312984770250722,5.31464251954762,5.315683356273322,5.3161084707869914,5.315918265320784,5.3151134325617475,5.313695861583935,5.31166748139424,5.309029368810519,5.305782785155174,5.301930195400886,5.297474290045199,5.2924168603472985,5.286759770060474,5.280506037610334,5.273659101777026,5.266221480943255,5.258195652795159,5.249585187073669,5.240394260489393,5.230626133690883,5.220283912591216,5.209371718095889,5.197894450957826,5.185856128569468,5.173260499217672,5.160112171430282,5.146416121274005,5.132177323747595,5.117401158337664,5.102093069004397,5.086258297839596,5.069902288044771,5.053030903235706,5.035650239304637,5.017766437716257,4.999385694527847,4.980514460149336,4.961159359795831,4.941327188327984,4.9210249166312,4.900259685601542,4.879038800576372,4.857369734419838,4.835260129457295,4.812717796047034,4.7897507113709,4.76636702794176,4.742575068047717,4.718383315621974,4.693800412839738,4.66883518771082,4.643496650026781,4.617793963717019,4.591736456532048,4.565333651469334,4.5385952530710005,4.5115311265627955,4.4841513237801545,4.456466113134029,4.428485929630241,4.400221399318356
5.075425985383256,5.082322977269365,5.088710975853889,5.094523537369325,5.099760051890483,5.104420369058259,5.108504328708233,5.112012293266083,5.114944621414887,5.117300979993701,5.1190815050788,5.1202876674129465,5.1209207132142245,5.120981104849704,5.120469595189543,5.119388133689472,5.117738709743744,5.115522460420655,5.112740707323433,5.10939597589842,5.105491017155212,5.101027682731848,5.096007896775488,5.09043473828853,5.084311706704527,5.077641380898308,5.0704262990396956,5.0626700915601885,5.054376995983588,5.04555033349196,5.036193270451456,5.026309988485477,5.01590544921785,5.004983730459585,4.993548640704902,4.981604848947177,4.96915739191168,4.956211304651498,4.9427720262031425,4.928845059967922,4.914435707515385,4.89954947092369,4.884192272525106,4.8683702666081246,4.852089652248189,4.83535668121904,4.8181778602676335,4.800559873251506,4.782509573132015,4.764033985299624,4.745140302998037,4.72583588933545,4.70612827828934,4.686025171566823,4.665534434516013,4.644664103854553,4.6234223993969685,4.601817714661313,4.579858604687152,4.557553782962659,4.5349121640756245,4.511942857700432,4.488655130552815,4.4650584274617895,4.441162392526221,4.4169768607094175,4.392511857609265,4.367777612936217,4.34278458608001,4.317543430504151,4.292065001486451
4.866186729253505,4.872813096137752,4.878971202593197,4.884599931843689,4.889698763708711,4.894267600391,4.8983063447674144,4.90181540761808,4.904795217114669,4.907245531560845,4.909166568629371,4.9105598480336,4.911426677141979,4.911767584161226,4.91158338784747,4.910876103723141,4.909647787259629,4.907899641562465,4.9056330543073035,4.9028506171088075,4.8995551472518555,4.895748562759725,4.891432854248581,4.886611167308807,4.8812870682045,4.87546320240791,4.869142174704126,4.8623276827366055,4.8550240318399585,4.847234609806915,4.838962649230499,4.8302123992975865,4.820988890085021,4.811296265479895,4.801138398927544,4.790520025871014,4.7794462506858535,4.767922172977695,4.755953293793843,4.743545178155992,4.730703189558121,4.7174328890661394,4.703740258426416,4.689631510458632,4.675112898660082,4.660190720034781,4.644871530041824,4.629162072053392,4.613069256259214,4.596600149552865,4.579761978995167,4.5625621606937745,4.545008292521369,4.527108134121101,4.508869595796101,4.490300772982373,4.471409960218078,4.452205635177722,4.432696441407944,4.4128911886387785,4.392798916803575,4.3724288875701856,4.351790537440717,4.330893521368569,4.3097476831161,4.288363071054043,4.266750010338951,4.244919062378705,4.222881009731777,4.200646910120748,4.178228036471102
4.643745815766006,4.650085160077477,4.656000521835285,4.661436574863937,4.666392896532134,4.670869446172939,4.6748661951832435,4.678383606894288,4.681422184997662,4.683981787207764,4.686062719876724,4.687666555920314,4.688794669144047,4.689447659294112,4.689626416709756,4.689333028659029,4.6885696223707205,4.687337472755982,4.6856380393336865,4.683473985563397,4.680848200738985,4.677762675230586,4.674219472145771,4.67022180961075,4.665773326805803,4.660876741845793,4.65553473220289,4.649751069121218,4.6435301325450515,4.636875382935349,4.629790124930501,4.622278681996457,4.614346160012933,4.6059967747788875,4.597234469823109,4.588064053184636,4.578490703812996,4.568519591032865,4.5581562817000085,4.547406406071599,4.536275393242094,4.524768865308129,4.512892866732562,4.500653672201047,4.488057590370823,4.47511095869537,4.4618203796642515,4.44819266172486,4.434234777184185,4.419953830876588,4.405357077683789,4.390451990945526,4.375246242472372,4.359747658679751,4.343964201387134,4.327904039142198,4.3115755576152885,4.2949873393503735,4.2781481461569655,4.261066926199777,4.243752888686229,4.226215495259948,4.2084644192831675,4.190509614556129,4.172361191470468,4.154029476837555,4.13552520456194,4.116859379288193,4.098043179349223,4.079088180242111,4.060006177660605
4.409351768049738,4.4153894762654105,4.421051025442855,4.42628734369963,4.431098113758227,4.435483356650296,4.439443117772602,4.442977917203623,4.446088340192322,4.448774351829267,4.4510363542486,4.45287597781907,4.45429466811606,4.455293102192762,4.455872247749685,4.456034269640558,4.455781372694327,4.455114909212846,4.454036416141174,4.452548634678221,4.450654531865139,4.44835617531406,4.445655705313132,4.442556417620793,4.439062028966998,4.435175334211662,4.43089908731095,4.426237136264798,4.421193937248788,4.415773026645343,4.40997778479888,4.403812610029179,4.397282681344603,4.390392289386294,4.383145453347144,4.375547054203625,4.36760234105287,4.359316556564548,4.3506953434109175,4.34174440668084,4.3324692462069105,4.322875556396518,4.312969463966749,4.302757330930993,4.292245551650942,4.281440549328091,4.270349023911509,4.258977890965285,4.247334238194734,4.235425295785705,4.223258467097314,4.210841374217132,4.1981818414380925,4.1852878744237625,4.172167666913465,4.15882963946618,4.145282399834996,4.13153476737114,4.117595811239795,4.103474867322649,4.089181479234185,4.0747254169028,4.060116757425136,4.045365921466254,4.030483409190383,4.015479924172662,4.000366660216018,3.9851550606893174,3.9698566222775615,3.9544832827547887,3.9390471557374016
4.16435308771944,4.170076473186743,4.175475069403703,4.180506522553958,4.185170628513803,4.189467474571331,4.193397185591885,4.19696034255507,4.20015761828577,4.202989093284444,4.205455272614794,4.207557848227161,4.209298342877062,4.210677517304672,4.211696422977997,4.212357308536167,4.212662463113857,4.212613323199214,4.2122115101995155,4.211459851078752,4.210361399057431,4.20891830437604,4.207132789570694,4.2050082365215316,4.202548448496693,4.199756300337998,4.196634624199642,4.193187350061475,4.189419013762667,4.1853332273828014,4.180933445143023,4.1762241359275665,4.171210540716521,4.165897018489725,4.160287659739479,4.154387403462814,4.148201542994938,4.141735377231014,4.1349946136548565,4.127985015876301,4.120712123948532,4.113181677047143,4.1053998759001935,4.097373170055965,4.089108035031363,4.080610977521938,4.0718888097346575,4.062948575150498,4.053797511322675,4.0444430374713995,4.034892820698198,4.025154706939237,4.015236725258431,4.00514716837644,3.9948946877731673,3.984488186330908,3.9739366356798445,3.963249238184015,3.952435630414532,3.941505919160577,3.9304702083631478,3.9193386986110674,3.908122122479284,3.896831653577274,3.8854783663979524,3.874073485636769,3.8626287710677567,3.8511561322556513,3.8396673218240154,3.8281744250277,3.8166895855234575
3.910198274020134,3.915596719805928,3.9207252930272602,3.925548821789085,3.9300672229232467,3.934280654535783,3.9381893264322434,3.9417938846643144,3.9450950956519666,3.9480931632917837,3.950788702686327,3.953183471541844,3.9552790751302367,3.9570763638827784,3.9585764790496842,3.9597817589904065,3.9606945832890457,3.9613164786978814,3.9616491572588868,3.961695538383665,3.961458768234888,3.960941084934448,3.960144798310592,3.959073382839323,3.9577307348274764,3.9561198136535753,3.954243533684482,3.9521059116514445,3.9497115665940297,3.9470641903415538,3.9441673151840697,3.9410254821975057,3.937643992809252,3.934027278376884,3.9301795074896555,3.926105678443396,3.921811124412182,3.917301205928168,3.9125817089981445,3.9076584687664346,3.9025370728625934,3.8972233205236786,3.89172350903214,3.8860442038247704,3.8801919974316643,3.8741735370295696,3.8679958041994085,3.861666007725818,3.8551915834643142,3.848580233877195,3.841840021623151,3.8349790925944713,3.828005725506679,3.820928580629078,3.813756924313938,3.806500272077541,3.799168015454111,3.79176977662118,3.7843158371877004,3.776817191839158,3.7692844812257813,3.7617282019499796,3.7541596300797435,3.7465905071069505,3.739032249854702,3.731496309381997,3.7239945213356664,3.716538641673107,3.709139966173314,3.7018097858485044,3.694559231618293
3.648435842660811,3.6535009444213813,3.6583546378120193,3.66296939679856,3.6673452669824886,3.671482481876488,3.6753813417247834,3.679042561938282,3.6824670085860114,3.685655016710051,3.688607318388116,3.69132574158519,3.6938119791081117,3.6960669750760378,3.6980919644632224,3.6998893800045605,3.7014616949734656,3.7028105285326514,3.7039376848097776,3.7048461752715944,3.705539236891665,3.706019199640181,3.7062884648458536,3.7063505949968896,3.7062095719628654,3.7058684488592624,3.705330235487445,3.7045990350670714,3.7036795500190762,3.7025755725297995,3.701290741652935,3.699829695080131,3.6981978312570667,3.69639970063129,3.6944396021077535,3.6923226613288707,3.690054337385279,3.687640150499142,3.6850860782140487,3.6823981596122715,3.679582194695385,3.6766442341848387,3.673590821790473,3.670428784058964,3.6671650318782345,3.6638066462006242,3.660361008404655,3.6568356122734222,3.6532382131735037,3.6495770176535482,3.6458606786741443,3.642097757827929,3.6382968623969965,3.634467050426834,3.6306181254755003,3.6267600214281877,3.6229023828263194,3.6190549999741344,3.615228311371458,3.611433435640569,3.607680806512248,3.6039804186980886,3.6003429294888183,3.5967790838316818,3.593299262269872,3.5899136685608113,3.5866321276348283,3.583463931362241,3.580417531898404,3.5775007373417993,3.574720842796766
3.380714330518975,3.385440039358442,3.3900163521071716,3.39442385266893,3.3986627234133846,3.4027332782785806,3.40663591414281,3.410371421642207,3.4139407746022425,3.417344448286553,3.420583300991359,3.4236592418909355,3.426574062361229,3.4293288029460296,3.431924796613588,3.4343645858932077,3.4366507477611314,3.438784985517393,3.4407691851035187,3.442606450018873,3.44430009994519,3.445852544137744,3.447266259315641,3.4485448657641116,3.4496923801877855,3.450711935786986,3.4516066291176646,3.4523805872002633,3.4530385037043105,3.4535842564297163,3.4540216004318176,3.4543552131996424,3.454590497147784,3.4547321294435696,3.454784592357064,3.454753140782256,3.4546433434464277,3.4544609354426097,3.4542121842367797,3.453903458697356,3.453540938953589,3.4531311626026393,3.452681079145972,3.4521979318309977,3.4516892321598194,3.4511630178740074,3.4506274585144414,3.450090431570282,3.4495601387991814,3.4490457402371137,3.448556963957432,3.448103038710173,3.4476930572253357,3.447336623487191,3.4470441723092335,3.4468259327131685,3.446691677380794,3.446651104707334,3.4467142106087922,3.4468912334286217,3.447191405447334,3.4476231305084486,3.4481947893164024,3.4489137755810972,3.4497875048133344,3.4508229049570804,3.452024644268334,3.4533960506074712,3.4549390853975326,3.4566540679167317,3.458540289228665
3.1087823288759893,3.113165094251155,3.1174640244173357,3.1216682773030375,3.125778179873997,3.1297941311158444,3.1337166300972474,3.137546547085384,3.14128496989624,3.1449325219396087,3.1484901949172075,3.1519599841949004,3.155343785356619,3.158642739871523,3.1618582833001923,3.16499307368835,3.1680497963661995,3.1710302426514394,3.173936383755973,3.176771417202182,3.1795387469619247,3.1822408705868783,3.1848803503389065,3.187460866922931,3.1899864745557873,3.192460404648618,3.1948858633929422,3.19726701704804,3.1996085739964872,3.201914530619771,3.204188796052879,3.206436136903643,3.2086620349720767,3.2108713524114103,3.21306880582015,3.215259868735318,3.2174503473641285,3.2196462918836297,3.2218543425474464,3.2240813000419495,3.226333878067035,3.2286192491493444,3.2309448308759325,3.2333183084078456,3.235747848083533,3.2382425179205834,3.2408112502221753,3.24346219507621,3.246203828483559,3.2490460262706335,3.251999159080993,3.2550727090743883,3.2582758310761517,3.2616180254739517,3.265109263964203,3.268758807897021,3.272575490756347,3.2765677067168473,3.2807432352014896,3.2851090428657725,3.289671043435943,3.2944340045603204,3.2994012620212207,3.304573503309183,3.309952152593984,3.315537729018329,3.321325903971086,3.3273100128160085,3.333481536878376,3.3398291005284104,3.3463396861250967
2.8344884971357684,2.8385274097704616,2.84255159712881,2.846559255156544,2.8505508627925606,2.854526907644605,2.8584879948437885,2.862435074832234,2.8663693507246344,2.870291599037588,2.874202946710163,2.8781054645591397,2.8820011439333806,2.8858912367447203,2.889777287014,2.89366204902783,2.897548307674797,2.901437977842354,2.905333155328583,2.9092371402038135,2.9131534484315855,2.9170847276283123,2.9210336997998407,2.9250041929106874,2.9290004376842456,2.9330258560544706,2.937083858091458,2.941178857482128,2.9453158843229312,2.949499194730749,2.9537329484382937,2.9580222983577613,2.962373274149865,2.9667910869573095,2.9712807159303374,2.975848127272944,2.9804998004666023,2.985242278097225,2.990082594912115,2.995027995130138,3.000085786750314,3.0052636573370317,3.0105693083611715,3.0160105841284577,3.0215957987254236,3.0273340106183992,3.0332339149636347,3.0393033929440416,3.045550405400587,3.051983772919677,3.058612080577612,3.0654432510496696,3.0724848823945226,3.079744110459408,3.0872270149505905,3.094938485011116,3.1028835683920404,3.111066401291738,3.119488770425698,3.1281497655422545,3.137048110649832,3.1461814647601174,3.155543901105432,3.1651251233899145,3.174916185989816,3.184906716364821,3.195079475714802,3.2054141461217958,3.215888507272867,3.226476392855228,3.2371494370625187
2.559781547742295,2.5634784830929123,2.567233358028705,2.5710538735260338,2.574940678323287,2.578894359162013,2.5829156368356356,2.587005546146394,2.591165406295331,2.5953961418964617,2.599699002524724,2.6040760875738926,2.608529418146407,2.6130603337171383,2.6176704400182493,2.6223624256277054,2.6271390110447093,2.632002258311641,2.636954401189593,2.6419986278073964,2.647138344875259,2.652376409474334,2.657715793585874,2.663160346492759,2.6687144083645014,2.674381667127918,2.680165856375232,2.6860718011723113,2.6921051798100755,2.698270675244127,2.704572825664472,2.7110176379469477,2.717612568582629,2.72436343423824,2.731275437478403,2.738355624821865,2.745612190880253,2.7530526585086026,2.7606846374756038,2.7685160611187114,2.7765553321262066,2.7848108558807394,2.7932906205492114,2.8020024577354192,2.8109543559358245,2.8201539937090025,2.8296085406635907,2.8393252549245505,2.8493108123794806,2.859570365650002,2.8701068120664877,2.880923972200981,2.8920258681070266,2.903413994062802,2.9150849110968697,2.927033709685937,2.9392574803831795,2.9517518278202566,2.964506721053886,2.9775058987922276,2.990735147894069,3.004180321143689,3.0178200017042904,3.0316267539955333,3.045574811760581,3.0596362656521263,3.0737758879122006,3.0879552617185015,3.102135111458745,3.116271214980486,3.1303167051812646
2.286710298010763,2.2900700579488986,2.2935639713339864,2.2972097079443516,2.3010080925644676,2.3049598143602306,2.309065714067284,2.3133269131496994,2.317744852070115,2.32232061424959,2.3270555815349945,2.331951886133494,2.337011592460465,2.342236154690361,2.3476272700713303,2.353187591506527,2.3589198229269432,2.364826226388223,2.37090923627834,2.377172024137481,2.3836180121391792,2.3902503288902346,2.3970722624185172,2.4040878574381686,2.411301790422263,2.4187180734603557,2.4263407915416595,2.434175383915001,2.442228437472238,2.45050507451434,2.4590101402041795,2.4677505729214655,2.476735340794197,2.485970706200139,2.495461820698882,2.5052165600073857,2.515244560599437,2.5255537702281843,2.5361515648069295,2.547045614244367,2.5582443127137204,2.569755337533055,2.5815855845621734,2.5937413589967746,2.6062282814107727,2.6190496183098007,2.632208196023182,2.6457086477036955,2.659554016310429,2.6737419612124764,2.688265206764231,2.7031197778260774,2.7183026285836775,2.7338055463128,2.749610599360443,2.765698372050636,2.7820536451583338,2.798659181927173,2.815488627859614,2.8325058305581523,2.8496795461318656,2.8669800733109194,2.8843671110366658,2.901793719526628,2.919214207469674,2.9365801156739666,2.953837378924181,2.9709294208648362,2.987800393878793,3.0043894190919227,3.020632907062814
2.017423665011489,2.0204541203596103,2.0236984823922315,2.027184848422691,2.03091420758547,2.0348873441499027,2.039105215951209,2.043569033344335,2.0482803739097935,2.0532405177839284,2.0584510280114854,2.063914166410078,2.0696321908218276,2.0756067733831114,2.081839853582539,2.0883344014695866,2.095093498277427,2.102119683266238,2.1094157072736137,2.116985308348435,2.1248325798944965,2.13296095023304,2.141374004800207,2.1500765742872217,2.1590742676398613,2.168371396237847,2.1779722241737423,2.187882929372206,2.1981109563704346,2.2086615497940807,2.2195394237018373,2.230751719176487,2.2423074440395685,2.254212394711187,2.2664710240841064,2.279090300131588,2.2920786922180287,2.3054422748028784,2.3191858168785346,2.3333138923779693,2.3478312545743485,2.362740923218609,2.378045253265656,2.3937455459034505,2.4098408536356453,2.426325064298674,2.4431920297691727,2.4604393882980617,2.478062073200589,2.496045502542996,2.5143681467299452,2.533013632116239,2.5519667913050514,2.571205461883055,2.5906948811340964,2.610399038012973,2.630286974372338,2.6503254375353116,2.6704707478700054,2.690668579303619,2.710870449483584,2.7310298902739087,2.7510899165818823,2.770988515298863,2.7906633247517827,2.8100491411509196,2.8290791578852916,2.8476854808876535,2.865801929792643,2.883359221777174,2.9002860053790154
1.7541706290898358,1.7568828529686842,1.7598921767505258,1.7632375206836626,1.766919809388167,1.7709397194968002,1.7752980983989644,1.7799959282173412,1.7850345711298303,1.7904153708096562,1.7961398682075682,1.802210118137815,1.8086284775168258,1.8153968732403079,1.8225176072304272,1.829994389251228,1.8378313237474322,1.846031156202895,1.8545970112675563,1.8635345511628798,1.8728502835334293,1.8825478032262986,1.892630776645289,1.9031067052831743,1.9139843578105062,1.9252683921318492,1.9369628810704134,1.9490759491616396,1.9616172425884641,1.9745919448482214,1.9880039675977212,2.0018602554171427,2.016168412451318,2.030932807673669,2.0461565942569275,2.0618434211226497,2.0779965069580038,2.094616630144235,2.111702627174668,2.1292516695629518,2.1472586336607744,2.1657151126781438,2.184613621530076,2.2039453095352983,2.223695898801436,2.243841476815782,2.264359432340426,2.2852335163639004,2.3064435569003856,2.327955435756698,2.3497279021343758,2.3717252358870264,2.3939120171088386,2.4162461315731836,2.4386747596237504,2.4611443735646197,2.483604060238096,2.506000796231612,2.528274734877686,2.550360807698283,2.5721955961381626,2.5937151711778466,2.6148529658236748,2.6355432464233712,2.655716028041255,2.6752994954829985,2.6942275388361026,2.712435264487567,2.7298581977647562,2.746434759063508,2.762103135878416
1.4993003090805177,1.5017087459808625,1.5045010622657555,1.5077274899873792,1.511388980714547,1.515486189991036,1.520019960212662,1.5249912050449275,1.5304012665067621,1.5362516664890409,1.5425440919237172,1.5492807183045136,1.5564642718194346,1.5640969980446742,1.5721816580022114,1.5807230202063909,1.5897264114258673,1.5991946941223911,1.6091312363880674,1.6195436016545217,1.6304404657688665,1.6418252521667491,1.6537012657952435,1.666077900176161,1.6789658036034876,1.6923691710404738,1.7062910380901384,1.7207395626198105,1.735723699420535,1.751246944843067,1.7673110490251396,1.783919606780436,1.801073924090139,1.8187742615540274,1.8370206806385303,1.8558094518660386,1.8751330246823352,1.8949824913162914,1.9153465556061682,1.9362104450004476,1.9575540385924484,1.9793526384937612,2.0015841607751437,2.0242249082985686,2.047242828178324,2.0705929883301804,2.0942329089246408,2.118127525892795,2.1422372002707686,2.1665067423037914,2.1908758838036557,2.2152880159056254,2.2396850340012495,2.2640047172012006,2.288180518587848,2.3121458303930758,2.3358317715507675,2.3591680108610964,2.382084746547317,2.404516386911014,2.4263918737479706,2.447635731846992,2.468181880358047,2.4879727815056327,2.506942369397212,2.525024579778649,2.542166892874937,2.558320525232335,2.5734347596503375,2.5874691204645806,2.6003853741142886
1.2552619215951974,1.2573845324533472,1.2599815550601594,1.2631151276083434,1.266786682106533,1.270997261462787,1.275748174273648,1.281040940807218,1.2868776587679205,1.2932603816782204,1.3001914718167509,1.3076741871247015,1.3157121546904764,1.3243079327628036,1.3334646711721794,1.3431880919834138,1.3534841007082432,1.364355459829493,1.3758052992791765,1.3878410177004772,1.4004704210805388,1.4136960790017112,1.4275201479114332,1.4419495966024998,1.4569911493231205,1.4726466225549724,1.4889165807721225,1.5058034793657842,1.523307659046833,1.541427632455283,1.5601608838616832,1.5795015239742654,1.5994362601701095,1.6199568163358826,1.641057063779883,1.6627205789482211,1.684922980088925,1.7076410213247537,1.7308488658794867,1.7545159996366808,1.7786049044026802,1.8030734144154055,1.827881935443004,1.8529889450649133,1.8783442870326252,1.9038863703061126,1.9295556060152652,1.9552970141043922,1.9810516852208284,2.006749694733453,2.0323202455004026,2.0576917446881793,2.0827890823107458,2.107537447158632,2.1318669196266105,2.155708022597277,2.178983501371663,2.2016157026719494,2.223536051207204,2.2446895391084674,2.2650094380435513,2.2844218889242014,2.3028726852519332,2.320322127099442,2.336719963666209,2.3520180457312576,2.366186500259623,2.3792010639084333,2.3910341020704076,2.4016730109158684,2.4111096748376557
1.0246047224681862,1.0264552531234008,1.028863625374838,1.0319033406271951,1.0355779459345924,1.0398903922427614,1.0448442424956337,1.0504442551299256,1.0566963983219446,1.0636048598873893,1.0711750500312882,1.0794156259584626,1.0883341938560307,1.097934684790223,1.108221753831492,1.119204013675004,1.1308884880139196,1.1432789987539334,1.1563790445681055,1.170193030693779,1.1847226721880861,1.1999702795595517,1.215937279844609,1.2326200098589244,1.2500095572847125,1.2681033130609851,1.2868986119949275,1.3063810603739727,1.3265261585728645,1.347322416227434,1.3687609784570414,1.3908150315634082,1.41344064684903,1.4366135843106966,1.4603169531478257,1.4845126977699385,1.509149584170749,1.5341827582226026,1.5595648811218454,1.5852443990176945,1.6111649612367775,1.6372682120104958,1.6634935605053838,1.689777699241607,1.7160547275164788,1.7422593438569374,1.7683236583124549,1.7941729615196396,1.8197317918163165,1.84493090497757,1.8697074257126434,1.8939887086075993,1.917696726233206,1.9407603546795402,1.96312512893746,1.9847369679804792,2.0055292021904934,2.0254362027406403,2.0444092084010013,2.0624180710946507,2.0794198548585032,2.0953662984101418,2.110230259288414,2.1239989385694935,2.136652842764307,2.148176497292609,2.158569536272971,2.1678374251968804,2.1759844826692234,2.183027117056909,2.1889873407765883
0.8099781102479716,0.8115860256295874,0.8138445140194055,0.8168395532496184,0.8205763993337892,0.8250594747495816,0.830294032328025,0.8362871512402016,0.843047460632733,0.8505804044043244,0.8588931835655955,0.8679975232647553,0.8779025459648474,0.888611916482114,0.9001297026620094,0.912463466745311,0.9256171674937661,0.9395933587157073,0.9543932331372558,0.9700126931234738,0.9864412583181984,1.0036779635021615,1.0217205283779969,1.0405481841213895,1.0601292119317363,1.0804527882224269,1.1015097787712977,1.1232629985955624,1.1456566864162916,1.1686654887667418,1.1922710976394613,1.2164217433749278,1.2410398245885752,1.2660822429743503,1.2915183064022948,1.3172871269568835,1.3433113652600073,1.3695250859380674,1.3958602435119245,1.4222465084778477,1.448613653619029,1.4748934018285564,1.501008716838601,1.5268792698200822,1.552431161387425,1.5776071421755116,1.602341562273312,1.626548462612869,1.650145392815052,1.6730770244601332,1.695301601277546,1.7167587255251098,1.737381825624932,1.7571173937028257,1.775938247423673,1.7938173131520532,1.8107127471097415,1.826585198979709,1.8414166561551937,1.8552077573201604,1.8679497827921727,1.879633371353369,1.8902645992711076,1.8998590006352827,1.9084327230790672,1.9160071516019475,1.9226103047268484,1.9282748107536027,1.9330362454279797,1.9369344125861034,1.9400145635545694
0.614131530247562,0.6155387840098051,0.6177101938601139,0.62074635248245,0.6246517814567132,0.6294299966011281,0.6350850500882826,0.6416219324975024,0.6490464870674695,0.6573621367840174,0.6665731056680809,0.6766854392606203,0.6877020675232678,0.6996222802689647,0.7124445588931043,0.7261661724845855,0.7407797749726143,0.7562811818636727,0.772663744757956,0.7899076751777779,0.807984495327377,0.8268838215117525,0.8465937789128439,0.8670731127533541,0.8882662746826478,0.9101494132448202,0.9327017916948066,0.95586409892231,0.9795543738241038,1.003731557608405,1.0283643693641629,1.0533806047848202,1.0786801400632948,1.1042034840600583,1.1299053751736179,1.1557092771194155,1.1815236647534872,1.207270187941895,1.232868953960858,1.2582407142611405,1.2833121932449314,1.3080156488620445,1.3322698297319095,1.3559905099666882,1.3791078928913356,1.401581356008809,1.4233581008370222,1.444356642428333,1.4645026585696095,1.4837635189473966,1.5021241719257883,1.5195469133307862,1.5359888936179236,1.5514234138782776,1.565853267522641,1.5792812590840335,1.5916973777759078,1.6030951831883633,1.6134887002709495,1.6229058594289398,1.6313715855414168,1.6389154711176006,1.6455727591175753,1.6513808565813146,1.6563853981355223,1.6606373679901787,1.6641842220004088,1.6670758223281628,1.6693687124597472,1.6711146882875632,1.6723696413024782
0.43991443599926117,0.44116448057157853,0.4433090194024731,0.44646461941750964,0.45063157821905575,0.4558091487034537,0.4619961306312107,0.46918929985477453,0.4773842063598691,0.4865778490226323,0.49676506095205775,0.5079344752624205,0.5200728207133425,0.5331699503300958,0.5472126789323605,0.5621767845381757,0.5780341899356636,0.5947673880753546,0.6123554932949651,0.6307563442676363,0.6499194548361543,0.6698180064339907,0.6904238986774534,0.7116755325660222,0.7334979833476711,0.7558501408438373,0.7786945057999151,0.8019558478654426,0.8255396054310336,0.8493896231507763,0.873459012256277,0.8976660438807298,0.9219088023591502,0.9461181561866141,0.9702359747489324,0.994183062959707,1.0178727575540867,1.0412283112812009,1.0641721028309379,1.0866305342632676,1.1085413128320334,1.1298496434634837,1.1504865987583153,1.1703818324394795,1.1894834770699405,1.2077725920219737,1.2252184496138632,1.2417630171443166,1.2573572301232807,1.2719952339060674,1.2856875574567366,1.2984258151602437,1.3101996050479308,1.3210130636624982,1.3308939826089354,1.3398704873567904,1.3479645190654201,1.3552020072454205,1.3616222870443955,1.3672698262230265,1.372193797048713,1.3764522044952496,1.3800975926872834,1.3831770355723538,1.3857512949000583,1.3878853029680216,1.389631638092703,1.3910425985716475,1.3921789483777658,1.3930896246993287,1.3938253295140495
0.2902762725064938,0.29140115897373553,0.29354519269494544,0.2968393723817774,0.3012763653227688,0.30684792754173895,0.31354372546499043,0.32134651048441537,0.3302344689286603,0.34019411376213304,0.3512049766791824,0.36322751864620784,0.37622337921428894,0.39016873542452324,0.40503371886686074,0.4207634049221148,0.43730178943647385,0.4546127197692208,0.47265617395613885,0.4913641482629345,0.5106638779278035,0.5305068694519306,0.5508439690109816,0.5715976604378501,0.5926831220060917,0.6140402863146335,0.6356119188782401,0.657317645530723,0.6790693544539441,0.7007994677206169,0.7224452858907338,0.7439305193813343,0.7651765968895023,0.7861146374333094,0.8066781229225809,0.826801034140842,0.8464230000246281,0.8654849621058109,0.8839276478366949,0.9016989282762428,0.91876134940019,0.9350844945106838,0.9506284881221755,0.9653547915471008,0.9792415978928917,0.9922922043963669,1.0045035888891178,1.0158584135837065,1.0263475037407213,1.035990278959958,1.0448155322994321,1.052845324815201,1.0601046005249624,1.0666261476401264,1.0724514755225718,1.077623254465499,1.0821885091729533,1.0861978652297979,1.0897028894846243,1.0927492343396996,1.0953944272836,1.0977064214864365,1.0997382658567108,1.1015316375571977,1.103143347126494,1.1046320330014623,1.106039082269552,1.1074030369954442,1.1087697249357276,1.1101703571617354,1.1116350506083652
0.16826644896436205,0.16926919062893084,0.1713626549657518,0.17468497382486703,0.17921953908267535,0.18494912740836575,0.191852530237952,0.19989597783442128,0.20903733224690502,0.2192510436979336,0.2304990755818716,0.24270970667608557,0.25581666673262893,0.26978157154086524,0.2845569614617274,0.3000555714685445,0.3161932697258685,0.3329145644284463,0.35016020134585263,0.3678396246575087,0.38586359552361055,0.4041621910154665,0.42266573399383844,0.441289989878117,0.45995331069238343,0.478580062476474,0.49709550159896826,0.5154273359517056,0.5335130114522304,0.5512807689605159,0.5686563244959427,0.5855838236382958,0.6020293143757832,0.6179350898698431,0.6332336177596847,0.647886018337392,0.6618747684707103,0.6751716015281007,0.6877485693871158,0.6995869067982488,0.7106828950490353,0.7210369563871217,0.7306492213888967,0.7395245110993269,0.7476769139809966,0.7551275151116837,0.7619005746890481,0.7680280294712317,0.7735466313206384,0.7784937743524296,0.7829049000588845,0.7868267119235067,0.7903143071975185,0.7934203161370668,0.7961854397557626,0.7986526960490319,0.8008813909004294,0.8029333024379626,0.8048562331878102,0.8066815509834119,0.808457158745579,0.8102397753372169,0.8120660852218988,0.8139588823427433,0.8159528967259316,0.8180817218073639,0.8203621916443253,0.822806491777802,0.8254299956249694,0.8282359602387466,0.8312238572408834
0.0770343114802229,0.07786651110618824,0.07972897825969642,0.08275033720652018,0.08690704725309958,0.09217533263101024,0.09852611222536613,0.1059138716845545,0.11428214621133674,0.12359705098656772,0.13380848868574022,0.1448228903325905,0.15655579553234542,0.16896001454727053,0.18197764315868128,0.19550224527115592,0.20943446788085496,0.22370777712469653,0.23825264751844474,0.25297040973417284,0.26776994875816185,0.28257041177080405,0.29729204907810647,0.31185808759051575,0.32620429508235294,0.34025111461737784,0.3539175276292897,0.36715173742301316,0.37992821308823904,0.3921822132163296,0.4038389706574946,0.41487238563823187,0.42529917982818705,0.4350817140862515,0.444161615359738,0.4525327642860136,0.46022239762357775,0.4672363414828554,0.47358102592788404,0.4792721398435088,0.484337447735477,0.4888046559623454,0.4927112762146532,0.49610211235762436,0.4990209043294804,0.5014970342280964,0.5035728098468918,0.5053204936907297,0.5068125208085082,0.5080915974088678,0.5091871680623926,0.5101566470991973,0.5110697595168499,0.5119837548337441,0.5129255006396989,0.5139251311188833,0.515037702946053,0.5163192244014101,0.517800022211356,0.5194878966577536,0.52140754296705,0.523588282577842,0.5260403268010378,0.5287616586680882,0.5317555951366458,0.5350217876491122,0.5385486397587534,0.5423194715704279,0.5463153702716997,0.5505119321393205,0.5548793956145003
0.019829115794248592,0.020363856533426795,0.021619257074975747,0.02368413388408376,0.026537119854480748,0.030156909800719278,0.03451753781621887,0.039578718202494145,0.04529063851168285,0.05162360665334144,0.05853386813202119,0.06594009814105774,0.07376990496502259,0.08198373284132965,0.09053328107458504,0.09932979813061459,0.10829218343353023,0.11736550304189405,0.12649318003164184,0.13559924772973025,0.1446172093546177,0.15348186348991355,0.1621293297179433,0.17050939003672524,0.17858723617926756,0.18630305543874479,0.19359440375481315,0.20043717283359427,0.20683667088767058,0.2127506089246011,0.2181246090218416,0.2229585740046661,0.22729628152634143,0.23112300372281713,0.2344022076201821,0.23714958483602394,0.2394121191229713,0.24121464058710762,0.24258250928359523,0.24354756575213468,0.2441480620511672,0.24441931957235324,0.24441037907608099,0.24417714198568694,0.24376771403121877,0.2432056801683688,0.24253031506883269,0.2418169265423854,0.24113783660926136,0.24052412899912567,0.2399902219058367,0.23958122710252178,0.23935342000118665,0.23934787437832997,0.23957253653130064,0.24003836628805877,0.24077927119330944,0.2418289059041127,0.2431956649480072,0.24486880789738494,0.2468491970162126,0.24913788306098467,0.251724064737015,0.2545900732785966,0.2577173046939333,0.2610830706322259,0.26466106516370513,0.26842133730504736,0.27232858963418977,0.27634867913874406,0.2804428687905764
0.,0.,0.,0.,0.,0.,0.,0.,0.,0.,0.,0.,0.,0.,0.,0.,0.,0.,0.,0.,0.,0.,0.,0.,0.,0.,0.,0.,0.,0.,0.,0.,0.,0.,0.,0.,0.,0.,0.,0.,0.,0.,0.,0.,0.,0.,0.,0.,0.,0.,0.,0.,0.,0.,0.,0.,0.,0.,0.,0.,0.,0.,0.,0.,0.,0.,0.,0.,0.,0.,0.
